﻿<?xml version="1.0" encoding="utf-8"?>
<manifest identifier="_6k7My3AuQR9_course_id" version="1.0" xmlns="http://www.imsproject.org/xsd/imscp_rootv1p1p2" xmlns:adlcp="http://www.adlnet.org/xsd/adlcp_rootv1p2" xmlns:xsi="http://www.w3.org/2001/XMLSchema-instance" xsi:schemaLocation="http://www.imsproject.org/xsd/imscp_rootv1p1p2 imscp_rootv1p1p2.xsd http://www.imsglobal.org/xsd/imsmd_rootv1p2p1 imsmd_rootv1p2p1.xsd http://www.adlnet.org/xsd/adlcp_rootv1p2 adlcp_rootv1p2.xsd">
  <metadata>
    <schema>ADL SCORM</schema>
    <schemaversion>1.2</schemaversion>
    <lom xmlns="http://www.imsglobal.org/xsd/imsmd_rootv1p2p1" xmlns:xsi="http://www.w3.org/2001/XMLSchema-instance" xsi:schemaLocation="http://www.imsglobal.org/xsd/imsmd_rootv1p2p1 imsmd_rootv1p2p1.xsd">
      <general>
        <title>
          <langstring xml:lang="x-none">Projet E_learning ANISSA</langstring>
        </title>
      </general>
      <lifecycle>
        <version>
          <langstring xml:lang="x-none">1</langstring>
        </version>
        <status>
          <source>
            <langstring xml:lang="x-none">LOMv1.0</langstring>
          </source>
          <value>
            <langstring xml:lang="x-none">Final</langstring>
          </value>
        </status>
      </lifecycle>
      <metametadata>
        <metadatascheme>ADL SCORM 1.2</metadatascheme>
      </metametadata>
      <educational>
        <typicallearningtime>
          <datetime>PT0H0M0S</datetime>
        </typicallearningtime>
      </educational>
      <rights>
        <cost>
          <source>
            <langstring xml:lang="x-none">LOMv1.0</langstring>
          </source>
          <value>
            <langstring xml:lang="x-none">yes</langstring>
          </value>
        </cost>
        <copyrightandotherrestrictions>
          <source>
            <langstring xml:lang="x-none">LOMv1.0</langstring>
          </source>
          <value>
            <langstring xml:lang="x-none">yes</langstring>
          </value>
        </copyrightandotherrestrictions>
      </rights>
    </lom>
  </metadata>
  <organizations default="Projet_E_learning_ANISSA_ORG">
    <organization identifier="Projet_E_learning_ANISSA_ORG">
      <title>Projet E_learning ANISSA</title>
      <item identifier="Projet_E_learning_ANISSA_SCO" isvisible="true" identifierref="__6k7My3AuQR9_course_id_RES">
        <title>Projet E_learning ANISSA</title>
        <adlcp:masteryscore>80</adlcp:masteryscore>
      </item>
    </organization>
  </organizations>
  <resources>
    <resource identifier="__6k7My3AuQR9_course_id_RES" type="webcontent" href="index_lms.html" adlcp:scormtype="sco">
      <file href="story_content/thumbnail.jpg" />
      <file href="mobile/64UNzBCMOUj.jpg" />
      <file href="story_content/65AwY9B6IC8_44100_48_0.mp3" />
      <file href="mobile/5ughMNTTLvd_M_1920_1920.png" />
      <file href="mobile/5aepYpAJX3o_M_196_196.png" />
      <file href="mobile/6jxDP3th5l5.png" />
      <file href="mobile/62Z7pd9Dn8C_P_416_176_880_800.png" />
      <file href="mobile/5iZ3Dt9lmsB_P_672_252_592_528.png" />
      <file href="story_content/65pmxpoEUx5_44100_48_0.mp3" />
      <file href="story_content/608knvGWmmT_44100_48_0.mp3" />
      <file href="mobile/5bxzpAZemZp_P_540_298_816_528.png" />
      <file href="mobile/5tHXk0HC8wO_M_356_356.png" />
      <file href="mobile/6DOPX70t3u3_M_388_388.png" />
      <file href="mobile/5gV1lhwPZrp_P_1010_242_576_464.png" />
      <file href="story_content/5wYOXJvfgT2_44100_48_0.mp3" />
      <file href="mobile/5iW75nDWQOQ_M_200_200.png" />
      <file href="mobile/5fX2kN6uwpv_M_164_164.png" />
      <file href="story_content/5pcbXEbioqK_44100_48_0.mp3" />
      <file href="story_content/6avZLsWY40n.js" />
      <file href="mobile/5uxnWdOXhRx_M_224_224.png" />
      <file href="mobile/6HWZeh1yZqE_M_186_186.png" />
      <file href="mobile/6INxT1i0i41_M_186_186.png" />
      <file href="mobile/6OeRLazWTR5_M_186_186.png" />
      <file href="mobile/5cbWrOR4ZH3_M_186_186.png" />
      <file href="mobile/69JD7SO41wh_M_188_188.png" />
      <file href="mobile/6XQviAlplrx_M_98_98.png" />
      <file href="mobile/6iJlUbB2F99_M_86_86.png" />
      <file href="mobile/6EBfej9NH3O_M_66_66.png" />
      <file href="mobile/5Zxva6BDESX_M_64_64.png" />
      <file href="mobile/6kpLEbykaGT_M_68_68.png" />
      <file href="mobile/5h5euZrNGfB_M_132_132.png" />
      <file href="story_content/6MmQI8ShydN_44100_48_0.mp3" />
      <file href="story_content/6Ms2tR1T3D2_44100_48_0.mp3" />
      <file href="story_content/6T69D3ImFZ1_44100_48_0.mp3" />
      <file href="mobile/68C3sUkICJW_P_944_48_864_912.png" />
      <file href="meta.xml" />
      <file href="story_content/6nmv6ryIRdD.png" />
      <file href="story_content/user.js" />
      <file href="story_content/external_files/liste_abonnements Centre DOC CNFPT.pdf" />
      <file href="html5/data/css/output.min.css" />
      <file href="html5/data/js/5dm8Crt77RD.js" />
      <file href="html5/data/js/5lYbbV2Pshd.js" />
      <file href="html5/data/js/5tQf2tpOyON.js" />
      <file href="html5/data/js/5vgydvcgpMD.js" />
      <file href="html5/data/js/5xZmghnydv3.js" />
      <file href="html5/data/js/5XZnbaiNUie.js" />
      <file href="html5/data/js/5yqMxqHD4wU.js" />
      <file href="html5/data/js/61ZbLpQ3pRn.js" />
      <file href="html5/data/js/62ZPJrus9ho.js" />
      <file href="html5/data/js/66W5bh5zJ29.js" />
      <file href="html5/data/js/6lmkNwGmX8v.js" />
      <file href="html5/data/js/6MBnmsNnnqI.js" />
      <file href="html5/data/js/6MHTcwfuvYj.js" />
      <file href="html5/data/js/6POCobDnWWm.js" />
      <file href="html5/data/js/6QsmiCUon28.js" />
      <file href="html5/data/js/data.js" />
      <file href="html5/data/js/frame.js" />
      <file href="html5/data/js/paths.js" />
      <file href="html5/lib/scripts/bootstrapper.min.js" />
      <file href="html5/lib/scripts/frame.desktop.min.js" />
      <file href="html5/lib/scripts/frame.mobile.min.js" />
      <file href="html5/lib/scripts/slides.min.js" />
      <file href="html5/lib/stylesheets/desktop.min.css" />
      <file href="html5/lib/stylesheets/mobile.min.css" />
      <file href="html5/lib/stylesheets/mobile-fonts/open-sans-bold.woff" />
      <file href="html5/lib/stylesheets/mobile-fonts/open-sans-light.woff" />
      <file href="html5/lib/stylesheets/mobile-fonts/open-sans-regular.woff" />
      <file href="analytics-frame.html" />
      <file href="story.html" />
      <file href="index_lms.html" />
      <file href="lms/AICCComm.html" />
      <file href="lms/blank.html" />
      <file href="lms/browsersniff.js" />
      <file href="lms/goodbye.html" />
      <file href="lms/scormdriver.js" />
    </resource>
  </resources>
</manifest>